id;timestamp;note
1;2021-10-13T16:05:31;../fake-data/blob/hipster.txt
2;2021-10-13T08:44:50;../fake-data/blob/hipster.txt
3;2021-10-14T02:44:08;../fake-data/blob/hipster.txt
4;2021-10-13T08:54:59;../fake-data/blob/hipster.txt
5;2021-10-13T14:03:50;../fake-data/blob/hipster.txt
6;2021-10-13T22:29:51;../fake-data/blob/hipster.txt
7;2021-10-14T02:30:48;../fake-data/blob/hipster.txt
8;2021-10-13T12:06:14;../fake-data/blob/hipster.txt
9;2021-10-13T18:33:16;../fake-data/blob/hipster.txt
10;2021-10-14T01:51:13;../fake-data/blob/hipster.txt
